{"cameraMode":{"drawMode":0,"name":"Shaded","section":"Shading Mode"},"sceneLighting":true,"audioPlay":false,"sceneViewState":{"m_AlwaysRefresh":false,"showFog":true,"showSkybox":true,"showFlares":true,"showImageEffects":true,"showParticleSystems":true,"showVisualEffectGraphs":true,"m_FxEnabled":true},"in2DMode":false,"pivot":{"x":-38.99324035644531,"y":-23.7161865234375,"z":391.8761291503906},"rotation":{"x":0.663432776927948,"y":0.0011223539477214218,"z":-0.0009951492538675666,"w":0.7482346296310425},"size":99.97000122070313,"orthographic":true}